image_id,face_width_over_height,left_eye_width_over_interocular,right_eye_width_over_interocular,interocular_over_face_width,mouth_width_over_face_width,nose_wing_width_over_face_width,nose_length_over_face_height,jaw_opening_angle
d3e3f1234dfab24b,0.9650773112293257,0.5045998692507466,0.40189468860586025,0.6769052253502813,0.2942205162399618,0.11164495949370296,0.22353078646953647,1.5062333435475663
8948eac5c816da2b,0.8417501222050594,0.4230096042151989,0.45814284682228046,0.5898209448937223,0.5152626854821327,0.19580493381462433,0.27953364561476063,1.1667998641052733
7014e473d19eca99,0.9044768538810822,0.44740569591477475,0.41861468553501224,0.6423665624724764,0.4001086319085688,0.1560267982677437,0.28939152250607847,1.321047226163211
ed9f59551b56da11,0.9436792984421333,0.4332067668433625,0.43178412318186493,0.6508509194284178,0.26604972288372875,0.13365911265264188,0.2554807383062238,1.4419502384389762
abf48732b94ec95a,0.7684515440558763,0.4303362071509826,0.4477669298644356,0.69911501703405,0.3927983675668959,0.19103795479619695,0.30622241610333006,1.1272174212730373



